Crookedile — Non-Combat Event Pool (20),,,,,,,,,,,
EventEncounterData entries. Combat spine (Days 1-7 boss fights) lives separately — these are the surrounding Options/Requirements/Outcomes pool. Rows with a value in 'Requirement (gate)' or 'Linked From/To' are highlighted.,,,,,,,,,,,
,,,,,,,,,,,
#,Event Name,Day Window,Setup / Body,Option A,Outcome A,Option B,Outcome B,Option C,Outcome C,Requirement (gate),Linked From/To
1,The Photo-Op,D1-2,A local barangay event invites you to speak.,Give a real answer,"+Credibility, sets narrative flag",Dodge with a soundbite,Gain a Basic card,Walk away,Nothing (safe),,
2,Leaked Group Chat,D1-3,An aide hands you screenshots of a rival's private chat.,Leak it,"Chains to Battle (ambush, enemies start Hostile)",Sit on it,Gain Relic: Burner Phone,Report properly,+Credibility (safe),,"Feeds #9 (mutually exclusive), #17 (mutually exclusive), #19 boost"
3,Endorsement Offer,D2-4,A controversial figure offers a public endorsement.,Accept,"Gain Relic, but next fight's enemies start more Hostile",Decline,+Credibility (safe),"Accept quietly, deny later",Gain Relic + sets deniable-endorsement flag,,"Feeds #7, #10 (mutually exclusive resolutions)"
4,Ambush Interview,D3-5,"A reporter corners you off-script, no prep time.",Improvise,Coin flip: card upgrade OR small Credibility loss,"""No comment""",Nothing (safe),Turn it into a stunt,Chains to Battle,,
5,Focus Group Invite,D4-6,A pollster wants to test messaging on you before the real fight.,Participate honestly,Scout next encounter's composition (info only),Feed fake talking points,Gain a Basic card,Skip it,"Nothing (safe, saves time)",BoostIf: HasVisitedEncounter(Dead Air) — x2 weight,
6,"Old Friend, New Ask",D5-7,A former ally asks for a favor with strings attached.,Help them,Gain a build-tailored Relic,Refuse,+Credibility (safe),Help but negotiate hard,Lesser Relic + small Credibility (intentionally weaker path),Requirement: Negate(HasRelic: Burner Phone),Locked out if #2 relic already held
7,Caught Lying,D4-7,The deniable endorsement catches up with you.,Come clean,Credibility- (safe),Double down,Chains to Battle (ambush),Spin it,Funds- (safe),"Requirement: HasVisitedEncounter(#3, ""accept quietly"")",Mutually exclusive with #10
8,Debt Collector,D3-6,"A shakedown, timed to when you're flush.",Pay up,Funds- (safe),Refuse,"Chains to Battle (Fixer-flavored, single enemy)",,,Requirement: FundsAtLeast(80),
9,Whistleblower,D2-5,"A different source offers you the same kind of leverage, later.",Accept,Gain Relic: Anonymous Tip (same slot as #2's relic),Decline,Nothing (safe),,,"Requirement: Negate(HasVisitedEncounter(#2, ""sit on it""))","Alt. source to #2, mutually exclusive"
10,The Denial,D6-7,"A reporter asks you point-blank about the endorsement, right before the boss.",Come clean,Nothing (safe),Deflect,"Credibility swing (safe, no combat)",,,"Requirement: HasVisitedEncounter(#3, ""accept quietly"") AND Negate(HasVisitedEncounter(#7))",Mutually exclusive with #7 — quiet counterpart
11,Barangay Fiesta,D1-3,Free food and goodwill in the neighborhood.,Join in,"Funds-, +Credibility (safe)",Work the crowd,Gain a Basic card,Skip it,Nothing (safe),,
12,Pop Quiz Debate Prep,D2-4,A staffer drills you on policy before the next appearance.,Study hard,Upgrade a random Policy card,Wing it,Nothing (safe),Pay a ghostwriter,"Funds-, gain an Enhanced-rarity random card",,
13,Anonymous Envelope,D2-5,"Cash under the table, no strings stated.",Take it,"Funds+, sets envelope flag",Refuse,+Credibility (safe),Report it,"+Credibility, larger (safe)",,"Feeds #14, #19 (mutually exclusive resolutions)"
14,The Fixer's Offer,D5-7,The money had strings after all.,Pay the favor back,"Chains to Battle (Fixer, solo)",Refuse and eat the fallout,"Credibility- (safe, no combat)",,,"Requirement: HasVisitedEncounter(#13, ""take it"")",Mutually exclusive with #19
15,Volunteer Burnout,D3-6,Your team is running on empty.,Rally them,Remove a chosen card (thin the deck),Let them rest,"Nothing (safe), lose an Hour",Push through anyway,"Gain a Basic card, small Credibility-",,
16,Street Interview Gone Wrong,D1-4,A passerby ambushes you with a hostile question on camera.,Deflect smoothly,Nothing (safe),Snap back,"Chains to Battle (single Heckler, you started it)",Own the moment,"+Credibility, coin-flip risk of Credibility- instead",,
17,Data Leak Offer,D4-7,A hacker offers you rival opposition research — a quieter echo for a road not taken.,Accept,Gain Relic (weaker than #2's — no risk taken),Decline,Nothing (safe),,,"Requirement: Negate(HasVisitedEncounter(#2, ""leak it""))",Alt. quiet path to #2's leak branch
18,Town Hall Ambush,D5-7,A hostile crowd shows up uninvited.,Face them,Chains to Battle (2-enemy: Agitator + Heckler),Cancel the event,Credibility- (safe),Send a surrogate,"Funds- (safe, no combat, no Credibility loss)",,
19,"The Envelope, Revisited",D6-7,A reporter has proof of the envelope.,Deny it,Coin flip: safe OR Credibility- (big),Confirm and spin it,"Credibility- (small, safe, guaranteed)",,,"Requirement: HasVisitedEncounter(#13, ""take it"")",Mutually exclusive with #14
20,Grassroots Ask,D1-3,"A genuine local group asks for real help, no angle.",Help for real,"+Credibility, Funds- (safe)",Promise vaguely,Nothing (safe),Ignore them,Nothing (safe),,"Deliberate no-hook palate-cleanser, no combat branch at all"